company_name,stock_code,exchange,report_period,report_title,report_url,source,status
寒武纪,688256,SSE,2026H1,2026年半年度报告,https://static.cninfo.com.cn/finalpage/2026-08-08/1225464969.PDF,CNINFO,verified_full_report
海光信息,688041,SSE,2026H1,2026年半年度报告,https://static.cninfo.com.cn/finalpage/2026-08-14/1225472510.PDF,CNINFO,verified_full_report
龙芯中科,688047,SSE,2026H1,2026年半年度报告,https://static.cninfo.com.cn/finalpage/2026-08-29/1225524354.PDF,CNINFO,verified_full_report
景嘉微,300474,SZSE,2026H1,2026年半年度报告,https://static.cninfo.com.cn/finalpage/2026-08-21/1225484966.PDF,CNINFO,verified_full_report
芯原股份,688521,SSE,2026H1,2026年半年度报告,https://static.cninfo.com.cn/finalpage/2026-08-18/1225478749.PDF,CNINFO,verified_full_report
瑞芯微,603893,SSE,2026H1,2026年半年度报告,https://static.cninfo.com.cn/finalpage/2026-08-18/1225478618.PDF,CNINFO,verified_full_report
全志科技,300458,SZSE,2026H1,2026年半年度报告,https://static.cninfo.com.cn/finalpage/2026-08-26/1225504259.PDF,CNINFO,verified_full_report
北京君正,300223,SZSE,2026H1,2026年半年度报告,https://static.cninfo.com.cn/finalpage/2026-08-29/1225524759.PDF,CNINFO,verified_full_report
国科微,300672,SZSE,2026H1,2026年半年度报告,https://static.cninfo.com.cn/finalpage/2026-08-29/1225530209.PDF,CNINFO,verified_full_report
复旦微电,688385,SSE,2026H1,2026年半年度报告,https://static.cninfo.com.cn/finalpage/2026-08-18/1225478247.PDF,CNINFO,verified_full_report
